{
  "version": 1,
  "author": "Agrim Gautam",
  "editor": "wokwi",
  "parts": [
    { "type": "wokwi-arduino-uno", "id": "uno", "top": -10.18, "left": 17.9, "attrs": {} },
    { "type": "wokwi-dht22", "id": "dht1", "top": -148.85, "left": 249.11, "attrs": {} },
    {
      "type": "wokwi-microsd-card",
      "id": "sd1",
      "top": -119.81,
      "left": 97.56,
      "rotate": 90,
      "attrs": {}
    },
    { "type": "wokwi-ds1307", "id": "rtc1", "top": 204.23, "left": 291.42, "attrs": {} }
  ],
  "connections": [
    [ "uno:5V", "sd1:VCC", "red", [ "v0" ] ],
    [ "sd1:GND", "uno:GND.1", "black", [ "v0" ] ],
    [ "sd1:CS", "uno:10", "green", [ "v0" ] ],
    [ "sd1:DI", "uno:11", "green", [ "v0" ] ],
    [ "sd1:DO", "uno:12", "green", [ "v0" ] ],
    [ "sd1:SCK", "uno:13", "green", [ "v0" ] ],
    [ "rtc1:GND", "uno:GND.3", "black", [ "h0" ] ],
    [ "rtc1:5V", "uno:5V", "red", [ "h0" ] ],
    [ "rtc1:SDA", "uno:A4", "green", [ "h0" ] ],
    [ "rtc1:SCL", "uno:A5", "orange", [ "h0" ] ],
    [ "dht1:VCC", "uno:5V", "red", [ "v0" ] ],
    [ "dht1:SDA", "uno:2", "green", [ "v0" ] ],
    [ "dht1:GND", "uno:GND.3", "black", [ "v237.93", "h-99.8" ] ]
  ]
}